ID,FirstName,LastName,Email,Password,Role
64,student,student,student@gmail.com,What_123,student
65,Student,Student,Student@gmail.org,What_123,student
66,StudenT,StudenT,StudenT01@gmail.com,What_123,student
67,FirstNameStud,LastNameStud,name_stud@gmail.com,What_123,student
68,JohnStud,DoeStud,name.stud@gmail.com,What_123,student
69,NataliaStud,NataliaStud,namestud@studgmail.com,What_123,student
70,Stud,Stud,nameStud@gmail.com,What_123,student
71,Stud,Stud,namestud01@gmail.com,What_123,student
72,MeurigStud,MeurigStudet,frankallen82@what_WH.at,What_123,student
73,FredTar,RetFred,fred.dent@gmail.com,What_123,student
74,Ina,Castell,castellI09tary@stude.nt,What_123,student
75,Orvar,Coello,o_coello@student.com,What_123,student
76,Francesco,Pio,audrinarainey63@what_WH.at,What_123,student
77,Nikola,Rantent,ni_ko.la@gmail.stud.com,What_123,student
78,ssstudent,Ssstudent,stuDeNt02@gmail.com,What_123,student
79,Studenttt,Studenttt,Studen33@example.com,What_123,student
80,Domitian,Fenn,dom0FENN_ent@ennn.com,What_123,student
81,MARA,Klimek,kLiMeKRA@MaRaEmail.com,What_123,student
82,Eri,White,ericwhite47@what_WH.at,What_123,student
83,Ralph,Baker,ralphbaker38@what_WH.at,What_123,student
84,Riley,Harris,rileyharris76@what_WH.at,What_123,student
85,Jefrey,Hadder,jeffreyhadder49@what_WH.at,What_123,student
86,Oliva,Rod,oliviarodriguez96@what_WH.at,What_123,student
87,Dext,Dri,dexterrodriguez15@what_WH.at,What_123,student
88,Emanuel,Allen,emmanuelallen64@what_WH.at,What_123,student
89,Reuben,Hillips,reubenphillips44@what_WH.at,What_123,student
90,Dia,Mond,diamondrainey83@what_WH.at,What_123,student
91,Young,You,emmanuelyoung58@what_WH.at,What_123,student
92,Junior,Middle,avanelson61@what_WH.at,What_123,student
93,Orvar,Coello,brooklynscott30@what_WH.at,1,What_123,student
94,Francesco,Pio,avanelson60@what_WH.at,What_123,student
95,Kola,Rantent,cadenwright09@what_WH.at,What_123,student
96,etary,etary,paulirwin93@what_WH.at,What_123,student
97,rettt,rettt,tabithagagnon36@what_WH.at,What_123,student
98,tian,enn,aldowafford72@what_WH.at,What_123,student